LASTGOOD,protocol,flight,callsign,url,lu7aa_url,wsprtv_et_url,c_date,c_time,grid6,c_band,channel,c_frequency,voltage,temp,altitude,lat,lon,country,maxoffPct24Hrs,solarAngle_last,solarAngle_min,solarAngle_max,c_timestampCnt,totalCallsignSpots,totalTimeStamps,avgSpotsPerTimeStamp,matchedCnt,notMatchedCnt,matchedCntPct
2026-06-21-10:28:00,traquito_u4b,AC3AU-20M-110,AC3AU,"https://wsprtv.com/?show_unattached&cs=AC3AU&band=20m&ch=110&start_date=2026-05-23","http://balloons.browxy.com/wsprx?other=AC3AU&banda=20m&balloonid=05&timeslot=0&launch=20260523000000&tracker=traquito&qrpid=110","https://wsprtv.com/?show_unattached&et_dec=et,s:1_68719476736:0:1~et,s:2_68719476736:0:1~et,s:3_68719476736:0:1&et_labels=val1,val2,val3&cs=AC3AU&band=20m&ch=110&start_date=2026-05-23",2026-06-21,10:28:00,HN50XD,20m,110,14097131,3.75,-28,14000,40.1458,-28.0417,None,38.19,43.76,1.86,64.14,97,8763,236,37.13,93,3,96.88
2026-06-17-07:16:00,traquito_u4b,AC3AU-30M-111,AC3AU,"https://wsprtv.com/?show_unattached&cs=AC3AU&band=30m&ch=111&start_date=2026-05-23","http://balloons.browxy.com/wsprx?other=AC3AU&banda=30m&balloonid=05&timeslot=8&launch=20260523000000&tracker=traquito&qrpid=111","https://wsprtv.com/?show_unattached&et_dec=et,s:1_68719476736:0:1~et,s:2_68719476736:0:1~et,s:3_68719476736:0:1&et_labels=val1,val2,val3&cs=AC3AU&band=30m&ch=111&start_date=2026-05-23",2026-06-17,07:16:00,PM40FB,30m,111,10140239,4.25,19,19620,30.0625,128.4583,None,6.94,39.04,39.04,83.48,20,57,44,1.3,16,3,84.21
2026-06-21-10:30:00,zachtek,AE0SS-17M-z0,AE0SS,"https://wsprtv.com/?show_unattached&cs=AE0SS&band=17m&ch=z0&start_date=2026-05-23","http://balloons.browxy.com/wsprx?other=AE0SS&banda=17m&balloonid=&timeslot=&launch=20260523000000&tracker=&qrpid=","https://wsprtv.com/?show_unattached&et_dec=et,s:1_68719476736:0:1~et,s:2_68719476736:0:1~et,s:3_68719476736:0:1&et_labels=val1,val2,val3&cs=AE0SS&band=17m&ch=z0&start_date=2026-05-23",2026-06-21,10:30:00,LF23LL,17m,z0,18106116,-,-,-,-36.5208,44.9583,None,81.25,26.58,24.13,34.06,44,85,44,1.93,0,0,0.00
2026-06-20-10:36:00,traquito_u4b,AI7NO-20M-549,AI7NO,"https://wsprtv.com/?show_unattached&cs=AI7NO&band=20m&ch=549&start_date=2026-05-23","http://balloons.browxy.com/wsprx?other=AI7NO&banda=20m&balloonid=Q7&timeslot=8&launch=20260523000000&tracker=traquito&qrpid=549","https://wsprtv.com/?show_unattached&et_dec=et,s:1_68719476736:0:1~et,s:2_68719476736:0:1~et,s:3_68719476736:0:1&et_labels=val1,val2,val3&cs=AI7NO&band=20m&ch=549&start_date=2026-05-23",2026-06-20,10:36:00,KO84BS,20m,549,14097026,3.9,-24,11480,54.7708,36.125,Russian_Federation,71.53,56.81,16.27,56.81,26,57,43,1.33,8,5,61.54
2026-06-20-20:50:00,zachtek,AK4MI-20M-Z0,AK4MI,"https://wsprtv.com/?show_unattached&cs=AK4MI&band=20m&ch=Z0&start_date=2026-05-23","http://balloons.browxy.com/wsprx?other=AK4MI&banda=20m&balloonid=&timeslot=&launch=20260523000000&tracker=&qrpid=","https://wsprtv.com/?show_unattached&et_dec=et,s:1_68719476736:0:1~et,s:2_68719476736:0:1~et,s:3_68719476736:0:1&et_labels=val1,val2,val3&cs=AK4MI&band=20m&ch=Z0&start_date=2026-05-23",2026-06-20,20:50:00,FJ25LL,20m,Z0,14097061,-,-,-,5.4792,-75.0417,Colombia,4.03,32.36,32.36,71.04,39,45,39,1.15,0,0,0.00
2026-06-20-23:50:00,traquito_u4b,DG2GG-10M-143,DG2GG,"https://wsprtv.com/?show_unattached&cs=DG2GG&band=10m&ch=143&start_date=2026-05-23","http://balloons.browxy.com/wsprx?other=DG2GG&banda=10m&balloonid=07&timeslot=2&launch=20260523000000&tracker=traquito&qrpid=143","https://wsprtv.com/?show_unattached&et_dec=et,s:1_68719476736:0:1~et,s:2_68719476736:0:1~et,s:3_68719476736:0:1&et_labels=val1,val2,val3&cs=DG2GG&band=10m&ch=143&start_date=2026-05-23",2026-06-20,23:50:00,EN45DG,10m,143,28126028,4.0,-29,12900,45.2708,-91.7083,United_States_of_America,56.94,19.8,18.96,65.01,61,721,125,5.77,59,2,96.72
2026-06-17-03:24:00,traquito_u4b,DG2GG-10M-585,DG2GG,"https://wsprtv.com/?show_unattached&cs=DG2GG&band=10m&ch=585&start_date=2026-05-23","http://balloons.browxy.com/wsprx?other=DG2GG&banda=10m&balloonid=Q9&timeslot=6&launch=20260523000000&tracker=traquito&qrpid=585","https://wsprtv.com/?show_unattached&et_dec=et,s:1_68719476736:0:1~et,s:2_68719476736:0:1~et,s:3_68719476736:0:1&et_labels=val1,val2,val3&cs=DG2GG&band=10m&ch=585&start_date=2026-05-23",2026-06-17,03:24:00,PO23XR,10m,585,28126062,3.6,-12,13140,53.7292,125.9583,Russian_Federation,9.72,59.64,39.66,59.64,7,17,13,1.31,6,0,100.00
2026-06-21-10:22:00,traquito_u4b,DG2GG-17M-440,DG2GG,"https://wsprtv.com/?show_unattached&cs=DG2GG&band=17m&ch=440&start_date=2026-05-23","http://balloons.browxy.com/wsprx?other=DG2GG&banda=17m&balloonid=Q2&timeslot=4&launch=20260523000000&tracker=traquito&qrpid=440","https://wsprtv.com/?show_unattached&et_dec=et,s:1_68719476736:0:1~et,s:2_68719476736:0:1~et,s:3_68719476736:0:1&et_labels=val1,val2,val3&cs=DG2GG&band=17m&ch=440&start_date=2026-05-23",2026-06-21,10:22:00,OR86DV,17m,440,18106020,3.45,-3,11460,86.8958,116.2917,None,21.53,23.41,20.34,26.86,152,2739,296,9.25,142,1,99.30
2026-06-21-08:10:00,traquito_u4b,DG2GG-17M-519,DG2GG,"https://wsprtv.com/?show_unattached&cs=DG2GG&band=17m&ch=519&start_date=2026-05-23","http://balloons.browxy.com/wsprx?other=DG2GG&banda=17m&balloonid=Q5&timeslot=2&launch=20260523000000&tracker=traquito&qrpid=519","https://wsprtv.com/?show_unattached&et_dec=et,s:1_68719476736:0:1~et,s:2_68719476736:0:1~et,s:3_68719476736:0:1&et_labels=val1,val2,val3&cs=DG2GG&band=17m&ch=519&start_date=2026-05-23",2026-06-21,08:10:00,OQ73GE,17m,519,18106176,4.2,-14,12980,73.1875,114.5417,Russian_Federation,2.08,31.97,31.97,41.1,24,254,36,7.06,12,0,100.00
2026-06-20-12:04:00,dj2ds,DJ2DS-20M-,DJ2DS,"https://wsprtv.com/?show_unattached&cs=DJ2DS&band=20m&ch=&start_date=2026-05-23","http://balloons.browxy.com/wsprx?other=DJ2DS&banda=20m&balloonid=&timeslot=&launch=20260523000000&tracker=&qrpid=","https://wsprtv.com/?show_unattached&et_dec=et,s:1_68719476736:0:1~et,s:2_68719476736:0:1~et,s:3_68719476736:0:1&et_labels=val1,val2,val3&cs=DJ2DS&band=20m&ch=&start_date=2026-05-23",2026-06-20,12:04:00,DN92BD,20m,,14097022,3.6,1,13460,42.1458,-101.875,United_States_of_America,40.97,-6.42,-6.42,71.27,90,4917,180,27.32,76,9,89.41
2026-06-21-10:26:00,traquito_u4b,DN3LEO-20M-34,DN3LEO,"https://wsprtv.com/?show_unattached&cs=DN3LEO&band=20m&ch=34&start_date=2026-05-23","http://balloons.browxy.com/wsprx?other=DN3LEO&banda=20m&balloonid=01&timeslot=8&launch=20260523000000&tracker=traquito&qrpid=34","https://wsprtv.com/?show_unattached&et_dec=et,s:1_68719476736:0:1~et,s:2_68719476736:0:1~et,s:3_68719476736:0:1&et_labels=val1,val2,val3&cs=DN3LEO&band=20m&ch=34&start_date=2026-05-23",2026-06-21,10:26:00,PQ08HP,20m,34,14097143,3.9,-26,12020,78.6458,120.625,None,25.69,21.21,8.48,44.75,128,736,246,2.99,84,26,76.36
2026-06-21-10:34:00,qrplabs_u4b,DN6BWA-20M-493,DN6BWA,"https://wsprtv.com/?show_unattached&cs=DN6BWA&band=20m&ch=493&start_date=2026-05-23","http://balloons.browxy.com/wsprx?other=DN6BWA&banda=20m&balloonid=Q4&timeslot=6&launch=20260523000000&tracker=qrplabs&qrpid=493","https://wsprtv.com/?show_unattached&et_dec=et,s:1_68719476736:0:1~et,s:2_68719476736:0:1~et,s:3_68719476736:0:1&et_labels=val1,val2,val3&cs=DN6BWA&band=20m&ch=493&start_date=2026-05-23",2026-06-21,10:34:00,LN84TK,20m,493,14097157,4.25,-2,11740,44.4375,57.625,Uzbekistan,40.28,54.62,-7.74,84.33,86,2313,175,13.22,67,6,91.78
2026-06-19-00:24:00,zachtek,DO3GU/3-10M-Z0,DO3GU/3,"https://wsprtv.com/?show_unattached&cs=DO3GU/3&band=10m&ch=Z0&start_date=2026-05-23","http://balloons.browxy.com/wsprx?other=DO3GU/3&banda=10m&balloonid=&timeslot=&launch=20260523000000&tracker=&qrpid=","https://wsprtv.com/?show_unattached&et_dec=et,s:1_68719476736:0:1~et,s:2_68719476736:0:1~et,s:3_68719476736:0:1&et_labels=val1,val2,val3&cs=DO3GU/3&band=10m&ch=Z0&start_date=2026-05-23",2026-06-19,00:24:00,DN82LL,10m,Z0,28126126,-,-,-,42.4792,-103.0417,United_States_of_America,0.69,20.84,20.84,25.17,5,11,5,2.2,0,0,0.00
2026-06-19-00:18:00,zachtek,DO3GU/3-17M-Z0,DO3GU/3,"https://wsprtv.com/?show_unattached&cs=DO3GU/3&band=17m&ch=Z0&start_date=2026-05-23","http://balloons.browxy.com/wsprx?other=DO3GU/3&banda=17m&balloonid=&timeslot=&launch=20260523000000&tracker=&qrpid=","https://wsprtv.com/?show_unattached&et_dec=et,s:1_68719476736:0:1~et,s:2_68719476736:0:1~et,s:3_68719476736:0:1&et_labels=val1,val2,val3&cs=DO3GU/3&band=17m&ch=Z0&start_date=2026-05-23",2026-06-19,00:18:00,DN82LL,17m,Z0,18106175,-,-,-,42.4792,-103.0417,United_States_of_America,0.69,21.91,21.91,24.44,4,12,4,3.0,0,0,0.00
2026-06-21-10:24:00,zachtek,DO3GU/5-10M-Z0,DO3GU/5,"https://wsprtv.com/?show_unattached&cs=DO3GU/5&band=10m&ch=Z0&start_date=2026-05-23","http://balloons.browxy.com/wsprx?other=DO3GU/5&banda=10m&balloonid=&timeslot=&launch=20260523000000&tracker=&qrpid=","https://wsprtv.com/?show_unattached&et_dec=et,s:1_68719476736:0:1~et,s:2_68719476736:0:1~et,s:3_68719476736:0:1&et_labels=val1,val2,val3&cs=DO3GU/5&band=10m&ch=Z0&start_date=2026-05-23",2026-06-21,10:24:00,KM05LL,10m,Z0,28126123,-,-,-,35.4792,20.9583,None,55.83,77.06,16.84,77.06,102,533,102,5.23,0,0,0.00
2026-06-21-10:28:00,zachtek,DO3GU/5-17M-Z0,DO3GU/5,"https://wsprtv.com/?show_unattached&cs=DO3GU/5&band=17m&ch=Z0&start_date=2026-05-23","http://balloons.browxy.com/wsprx?other=DO3GU/5&banda=17m&balloonid=&timeslot=&launch=20260523000000&tracker=&qrpid=","https://wsprtv.com/?show_unattached&et_dec=et,s:1_68719476736:0:1~et,s:2_68719476736:0:1~et,s:3_68719476736:0:1&et_labels=val1,val2,val3&cs=DO3GU/5&band=17m&ch=Z0&start_date=2026-05-23",2026-06-21,10:28:00,KM05LL,17m,Z0,18106158,-,-,-,35.4792,20.9583,None,50.14,77.77,11.53,77.77,141,652,141,4.62,0,0,0.00
2026-06-21-05:56:00,zachtek,DO3GU/6-17M-Z0,DO3GU/6,"https://wsprtv.com/?show_unattached&cs=DO3GU/6&band=17m&ch=Z0&start_date=2026-05-23","http://balloons.browxy.com/wsprx?other=DO3GU/6&banda=17m&balloonid=&timeslot=&launch=20260523000000&tracker=&qrpid=","https://wsprtv.com/?show_unattached&et_dec=et,s:1_68719476736:0:1~et,s:2_68719476736:0:1~et,s:3_68719476736:0:1&et_labels=val1,val2,val3&cs=DO3GU/6&band=17m&ch=Z0&start_date=2026-05-23",2026-06-21,05:56:00,JO71LL,17m,Z0,18106043,-,-,-,51.4792,14.9583,Poland,41.81,26.44,1.41,62.96,127,512,127,4.03,0,0,0.00
2026-06-21-07:18:00,qrplabs_u4b,EI6BFW-20M-595,EI6BFW,"https://wsprtv.com/?show_unattached&cs=EI6BFW&band=20m&ch=595&start_date=2026-05-23","http://balloons.browxy.com/wsprx?other=EI6BFW&banda=20m&balloonid=Q9&timeslot=0&launch=20260523000000&tracker=qrplabs&qrpid=595","https://wsprtv.com/?show_unattached&et_dec=et,s:1_68719476736:0:1~et,s:2_68719476736:0:1~et,s:3_68719476736:0:1&et_labels=val1,val2,val3&cs=EI6BFW&band=20m&ch=595&start_date=2026-05-23",2026-06-21,07:18:00,JM53DI,20m,595,14097183,4.2,21,8580,33.3542,10.2917,Tunisia,52.78,36.55,15.25,41.95,32,2077,63,32.97,30,0,100.00
2026-06-19-04:46:00,traquito_u4b,IK5PWR-10M-1,IK5PWR,"https://wsprtv.com/?show_unattached&cs=IK5PWR&band=10m&ch=1&start_date=2026-05-23","http://balloons.browxy.com/wsprx?other=IK5PWR&banda=10m&balloonid=00&timeslot=8&launch=20260523000000&tracker=traquito&qrpid=1","https://wsprtv.com/?show_unattached&et_dec=et,s:1_68719476736:0:1~et,s:2_68719476736:0:1~et,s:3_68719476736:0:1&et_labels=val1,val2,val3&cs=IK5PWR&band=10m&ch=1&start_date=2026-05-23",2026-06-19,04:46:00,AM83AH,10m,1,28126023,3.8,-17,12260,33.3125,-163.9583,None,0.69,12.9,12.9,74.69,30,431,61,7.07,29,1,96.67
2026-06-21-10:02:00,zachtek,K0PEA-17M-z2,K0PEA,"https://wsprtv.com/?show_unattached&cs=K0PEA&band=17m&ch=z2&start_date=2026-05-23","http://balloons.browxy.com/wsprx?other=K0PEA&banda=17m&balloonid=&timeslot=&launch=20260523000000&tracker=&qrpid=","https://wsprtv.com/?show_unattached&et_dec=et,s:1_68719476736:0:1~et,s:2_68719476736:0:1~et,s:3_68719476736:0:1&et_labels=val1,val2,val3&cs=K0PEA&band=17m&ch=z2&start_date=2026-05-23",2026-06-21,10:02:00,NQ63LL,17m,z2,18106112,-,-,-,73.4792,92.9583,Russian_Federation,56.94,30.01,25.99,47.82,89,293,89,3.29,0,0,0.00
2026-06-20-15:20:00,traquito_u4b,K1FQY-20M-346,K1FQY,"https://wsprtv.com/?show_unattached&cs=K1FQY&band=20m&ch=346&start_date=2026-05-23","http://balloons.browxy.com/wsprx?other=K1FQY&banda=20m&balloonid=17&timeslot=2&launch=20260523000000&tracker=traquito&qrpid=346","https://wsprtv.com/?show_unattached&et_dec=et,s:1_68719476736:0:1~et,s:2_68719476736:0:1~et,s:3_68719476736:0:1&et_labels=val1,val2,val3&cs=K1FQY&band=20m&ch=346&start_date=2026-05-23",2026-06-20,15:20:00,KO54XQ,20m,346,14097065,4.55,-26,12960,54.6875,31.9583,Belarus,44.44,23.81,8.78,53.31,94,8525,187,45.59,93,0,100.00
2026-06-21-01:02:00,zachtek,K2ORS/B-20M-Z0,K2ORS/B,"https://wsprtv.com/?show_unattached&cs=K2ORS/B&band=20m&ch=Z0&start_date=2026-05-23","http://balloons.browxy.com/wsprx?other=K2ORS/B&banda=20m&balloonid=&timeslot=&launch=20260523000000&tracker=&qrpid=","https://wsprtv.com/?show_unattached&et_dec=et,s:1_68719476736:0:1~et,s:2_68719476736:0:1~et,s:3_68719476736:0:1&et_labels=val1,val2,val3&cs=K2ORS/B&band=20m&ch=Z0&start_date=2026-05-23",2026-06-21,01:02:00,BN47LL,20m,Z0,14097134,-,-,-,47.4792,-151.0417,None,78.33,48.93,48.92,66.93,31,50,31,1.61,0,0,0.00
2026-06-20-22:52:00,wb8elk,K5NOT-11,K5NOT,"https://wsprtv.com/?show_unattached&cs=K5NOT&band=15m&ch=&start_date=2026-05-23","http://balloons.browxy.com/wsprx?other=K5NOT&banda=15m&balloonid=&timeslot=&launch=20260523000000&tracker=&qrpid=","https://wsprtv.com/?show_unattached&et_dec=et,s:1_68719476736:0:1~et,s:2_68719476736:0:1~et,s:3_68719476736:0:1&et_labels=val1,val2,val3&cs=K5NOT&band=15m&ch=&start_date=2026-05-23",2026-06-20,22:52:00,EM98LL,15m,,21096111,-,-,-,38.4792,-81.0417,United_States_of_America,1.39,22.24,22.24,72.94,50,610,50,12.2,0,0,0.00
2026-06-19-21:28:00,wb8elk,K6STS-20M-475,K6STS,"https://wsprtv.com/?show_unattached&cs=K6STS&band=20m&ch=475&start_date=2026-05-23","http://balloons.browxy.com/wsprx?other=K6STS&banda=20m&balloonid=&timeslot=&launch=20260523000000&tracker=&qrpid=","https://wsprtv.com/?show_unattached&et_dec=et,s:1_68719476736:0:1~et,s:2_68719476736:0:1~et,s:3_68719476736:0:1&et_labels=val1,val2,val3&cs=K6STS&band=20m&ch=475&start_date=2026-05-23",2026-06-19,21:28:00,EL98IB,20m,475,14097146,3.95,-14,8460,28.0625,-81.2917,United_States_of_America,1.39,36.0,26.82,84.27,52,6003,110,54.57,50,0,100.00
2026-06-21-09:40:00,traquito_u4b,K6XC-10M-63,K6XC,"https://wsprtv.com/?show_unattached&cs=K6XC&band=10m&ch=63&start_date=2026-05-23","http://balloons.browxy.com/wsprx?other=K6XC&banda=10m&balloonid=03&timeslot=2&launch=20260523000000&tracker=traquito&qrpid=63","https://wsprtv.com/?show_unattached&et_dec=et,s:1_68719476736:0:1~et,s:2_68719476736:0:1~et,s:3_68719476736:0:1&et_labels=val1,val2,val3&cs=K6XC&band=10m&ch=63&start_date=2026-05-23",2026-06-21,09:40:00,NM29WQ,10m,63,28125960,3.65,-10,12680,39.6875,85.875,China,72.92,42.83,41.24,69.56,15,26,25,1.04,4,4,50.00
2026-06-21-06:10:00,zachtek,KC0RPS-20M-z0,KC0RPS,"https://wsprtv.com/?show_unattached&cs=KC0RPS&band=20m&ch=z0&start_date=2026-05-23","http://balloons.browxy.com/wsprx?other=KC0RPS&banda=20m&balloonid=&timeslot=&launch=20260523000000&tracker=&qrpid=","https://wsprtv.com/?show_unattached&et_dec=et,s:1_68719476736:0:1~et,s:2_68719476736:0:1~et,s:3_68719476736:0:1&et_labels=val1,val2,val3&cs=KC0RPS&band=20m&ch=z0&start_date=2026-05-23",2026-06-21,06:10:00,PM84LL,20m,z0,14097084,-,-,-,34.4792,136.9583,Japan,52.08,46.16,9.67,77.96,46,132,46,2.87,0,0,0.00
2026-06-21-07:58:00,kc3lbr_u4b,KC3LBR-10M-422,KC3LBR,"https://wsprtv.com/?show_unattached&cs=KC3LBR&band=10m&ch=422&start_date=2026-05-23","http://balloons.browxy.com/wsprx?other=KC3LBR&banda=10m&balloonid=Q1&timeslot=0&launch=20260523000000&tracker=traquito&qrpid=422","https://wsprtv.com/?show_unattached&et_dec=et,s:1_68719476736:0:1~et,s:2_68719476736:0:1~et,s:3_68719476736:0:1&et_labels=val1,val2,val3&cs=KC3LBR&band=10m&ch=422&start_date=2026-05-23",2026-06-21,07:58:00,QH26NF,10m,422,28126039,4.75,-38,14940,-13.7708,145.125,None,55.56,0.32,0.32,52.26,110,884,219,4.04,103,3,97.17
2026-06-20-20:24:00,kc3lbr_u4b,KC3LBR-20M-433,KC3LBR,"https://wsprtv.com/?show_unattached&cs=KC3LBR&band=20m&ch=433&start_date=2026-05-23","http://balloons.browxy.com/wsprx?other=KC3LBR&banda=20m&balloonid=Q1&timeslot=6&launch=20260523000000&tracker=traquito&qrpid=433","https://wsprtv.com/?show_unattached&et_dec=et,s:1_68719476736:0:1~et,s:2_68719476736:0:1~et,s:3_68719476736:0:1&et_labels=val1,val2,val3&cs=KC3LBR&band=20m&ch=433&start_date=2026-05-23",2026-06-20,20:24:00,EO46TN,20m,433,14097196,4.65,36,12000,56.5625,-90.375,Canada,9.72,48.13,48.13,61.43,23,4624,106,43.62,15,6,71.43
2026-06-21-09:26:00,ad6z_u4b,KC3LBR-20M-449,KC3LBR,"https://wsprtv.com/?show_unattached&cs=KC3LBR&band=20m&ch=449&start_date=2026-05-23","http://balloons.browxy.com/wsprx?other=KC3LBR&banda=20m&balloonid=Q2&timeslot=8&launch=20260523000000&tracker=traquito&qrpid=449","https://wsprtv.com/?show_unattached&et_dec=et,s:1_68719476736:0:1~et,s:2_68719476736:0:1~et,s:3_68719476736:0:1&et_labels=val1,val2,val3&cs=KC3LBR&band=20m&ch=449&start_date=2026-05-23",2026-06-21,09:26:00,AP74RL,20m,449,14097068,4.45,-22,13220,64.4792,-164.5417,United_States_of_America,13.89,0.3,0.02,48.81,181,3281,360,9.11,174,5,97.21
2026-06-21-10:18:00,kc3lbr_u4b,KC3LBR-20M-485,KC3LBR,"https://wsprtv.com/?show_unattached&cs=KC3LBR&band=20m&ch=485&start_date=2026-05-23","http://balloons.browxy.com/wsprx?other=KC3LBR&banda=20m&balloonid=Q4&timeslot=0&launch=20260523000000&tracker=traquito&qrpid=485","https://wsprtv.com/?show_unattached&et_dec=et,s:1_68719476736:0:1~et,s:2_68719476736:0:1~et,s:3_68719476736:0:1&et_labels=val1,val2,val3&cs=KC3LBR&band=20m&ch=485&start_date=2026-05-23",2026-06-21,10:18:00,JP65KI,20m,485,14097058,4.25,16,12580,65.3542,12.875,Norway,63.19,47.72,26.86,55.73,27,1896,117,16.21,22,4,84.62
2026-06-21-10:32:00,kc3lbr_u4b,KC3LBR-20M-522,KC3LBR,"https://wsprtv.com/?show_unattached&cs=KC3LBR&band=20m&ch=522&start_date=2026-05-23","http://balloons.browxy.com/wsprx?other=KC3LBR&banda=20m&balloonid=Q6&timeslot=4&launch=20260523000000&tracker=traquito&qrpid=522","https://wsprtv.com/?show_unattached&et_dec=et,s:1_68719476736:0:1~et,s:2_68719476736:0:1~et,s:3_68719476736:0:1&et_labels=val1,val2,val3&cs=KC3LBR&band=20m&ch=522&start_date=2026-05-23",2026-06-21,10:32:00,JM95HX,20m,522,14097034,4.05,29,14800,35.9792,18.625,None,73.61,76.98,32.28,76.98,15,1305,29,45.0,14,0,100.00
2026-06-21-10:32:00,wb8elk,KC5TRB-1,KC5TRB,"https://wsprtv.com/?show_unattached&cs=KC5TRB&band=15m&ch=&start_date=2026-05-23","http://balloons.browxy.com/wsprx?other=KC5TRB&banda=15m&balloonid=&timeslot=&launch=20260523000000&tracker=&qrpid=","https://wsprtv.com/?show_unattached&et_dec=et,s:1_68719476736:0:1~et,s:2_68719476736:0:1~et,s:3_68719476736:0:1&et_labels=val1,val2,val3&cs=KC5TRB&band=15m&ch=&start_date=2026-05-23",2026-06-21,10:32:00,FN90LL,15m,,21096205,-,-,-,40.4792,-61.0417,None,48.61,19.76,4.41,73.94,62,728,62,11.74,0,0,0.00
2026-06-21-10:32:00,traquito_u4b,KC5UMA-17M-285,KC5UMA,"https://wsprtv.com/?show_unattached&cs=KC5UMA&band=17m&ch=285&start_date=2026-05-23","http://balloons.browxy.com/wsprx?other=KC5UMA&banda=17m&balloonid=14&timeslot=4&launch=20260523000000&tracker=traquito&qrpid=285","https://wsprtv.com/?show_unattached&et_dec=et,s:1_68719476736:0:1~et,s:2_68719476736:0:1~et,s:3_68719476736:0:1&et_labels=val1,val2,val3&cs=KC5UMA&band=17m&ch=285&start_date=2026-05-23",2026-06-21,10:32:00,NM79UD,17m,285,18106067,3.95,-18,14120,39.1458,95.7083,China,50.69,27.36,10.69,74.15,80,681,153,4.45,56,9,86.15
2026-06-21-10:28:00,traquito_u4b,KC5UMA-17M-533,KC5UMA,"https://wsprtv.com/?show_unattached&cs=KC5UMA&band=17m&ch=533&start_date=2026-05-23","http://balloons.browxy.com/wsprx?other=KC5UMA&banda=17m&balloonid=Q6&timeslot=0&launch=20260523000000&tracker=traquito&qrpid=533","https://wsprtv.com/?show_unattached&et_dec=et,s:1_68719476736:0:1~et,s:2_68719476736:0:1~et,s:3_68719476736:0:1&et_labels=val1,val2,val3&cs=KC5UMA&band=17m&ch=533&start_date=2026-05-23",2026-06-21,10:28:00,IQ35LO,17m,533,18106142,3.75,-7,12600,75.6042,-13.0417,None,35.42,34.68,15.59,40.35,55,2116,113,18.73,52,1,98.11
2026-06-20-18:44:00,traquito_u4b,KC9WTM-20M-223,KC9WTM,"https://wsprtv.com/?show_unattached&cs=KC9WTM&band=20m&ch=223&start_date=2026-05-23","http://balloons.browxy.com/wsprx?other=KC9WTM&banda=20m&balloonid=11&timeslot=6&launch=20260523000000&tracker=traquito&qrpid=223","https://wsprtv.com/?show_unattached&et_dec=et,s:1_68719476736:0:1~et,s:2_68719476736:0:1~et,s:3_68719476736:0:1&et_labels=val1,val2,val3&cs=KC9WTM&band=20m&ch=223&start_date=2026-05-23",2026-06-20,18:44:00,FL93TS,20m,223,14097025,4.2,-28,12800,23.7708,-60.375,None,3.47,51.02,51.02,84.03,31,1688,76,22.21,29,1,96.67
2026-06-17-14:00:00,traquito_u4b,KC9WTM-20M-371,KC9WTM,"https://wsprtv.com/?show_unattached&cs=KC9WTM&band=20m&ch=371&start_date=2026-05-23","http://balloons.browxy.com/wsprx?other=KC9WTM&banda=20m&balloonid=18&timeslot=2&launch=20260523000000&tracker=traquito&qrpid=371","https://wsprtv.com/?show_unattached&et_dec=et,s:1_68719476736:0:1~et,s:2_68719476736:0:1~et,s:3_68719476736:0:1&et_labels=val1,val2,val3&cs=KC9WTM&band=20m&ch=371&start_date=2026-05-23",2026-06-17,14:00:00,IN96DE,20m,371,14097146,3.85,-31,12360,46.1875,-1.7083,France,8.33,26.46,24.83,67.41,35,5238,107,48.95,28,5,84.85
2026-06-21-06:42:00,traquito_u4b,KD2KDD-20M-227,KD2KDD,"https://wsprtv.com/?show_unattached&cs=KD2KDD&band=20m&ch=227&start_date=2026-05-23","http://balloons.browxy.com/wsprx?other=KD2KDD&banda=20m&balloonid=11&timeslot=4&launch=20260523000000&tracker=traquito&qrpid=227","https://wsprtv.com/?show_unattached&et_dec=et,s:1_68719476736:0:1~et,s:2_68719476736:0:1~et,s:3_68719476736:0:1&et_labels=val1,val2,val3&cs=KD2KDD&band=20m&ch=227&start_date=2026-05-23",2026-06-21,06:42:00,NQ54MM,20m,227,14097032,3.85,-13,13480,74.5208,91.0417,Russian_Federation,44.44,28.24,13.85,45.6,86,357,168,2.12,50,16,75.76
2026-06-21-10:28:00,traquito_u4b,KD7FXO-15M-396,KD7FXO,"https://wsprtv.com/?show_unattached&cs=KD7FXO&band=15m&ch=396&start_date=2026-05-23","http://balloons.browxy.com/wsprx?other=KD7FXO&banda=15m&balloonid=19&timeslot=0&launch=20260523000000&tracker=traquito&qrpid=396","https://wsprtv.com/?show_unattached&et_dec=et,s:1_68719476736:0:1~et,s:2_68719476736:0:1~et,s:3_68719476736:0:1&et_labels=val1,val2,val3&cs=KD7FXO&band=15m&ch=396&start_date=2026-05-23",2026-06-21,10:28:00,JQ02TL,15m,396,21096186,4.3,1,11760,72.4792,1.625,None,6.25,39.49,4.08,47.68,138,2047,270,7.58,126,3,97.67
2026-06-18-23:14:00,wb8elk,KE7ZQX-20M-,KE7ZQX,"https://wsprtv.com/?show_unattached&cs=KE7ZQX&band=20m&ch=&start_date=2026-05-23","http://balloons.browxy.com/wsprx?other=KE7ZQX&banda=20m&balloonid=&timeslot=&launch=20260523000000&tracker=&qrpid=","https://wsprtv.com/?show_unattached&et_dec=et,s:1_68719476736:0:1~et,s:2_68719476736:0:1~et,s:3_68719476736:0:1&et_labels=val1,val2,val3&cs=KE7ZQX&band=20m&ch=&start_date=2026-05-23",2026-06-18,23:14:00,DN06LL,20m,,14097048,-,-,-,46.4792,-119.0417,United_States_of_America,11.53,44.56,44.56,63.25,25,2475,25,99.0,0,0,0.00
2026-06-21-10:36:00,wb8elk,KE8RES-8,KE8RES,"https://wsprtv.com/?show_unattached&cs=KE8RES&band=20m&ch=&start_date=2026-05-23","http://balloons.browxy.com/wsprx?other=KE8RES&banda=20m&balloonid=&timeslot=&launch=20260523000000&tracker=&qrpid=","https://wsprtv.com/?show_unattached&et_dec=et,s:1_68719476736:0:1~et,s:2_68719476736:0:1~et,s:3_68719476736:0:1&et_labels=val1,val2,val3&cs=KE8RES&band=20m&ch=&start_date=2026-05-23",2026-06-21,10:36:00,GN01LL,20m,,14097053,-,-,-,41.4792,-59.0417,None,41.67,22.19,0.0,73.96,122,4637,122,38.01,0,0,0.00
2026-06-20-22:52:00,traquito_u4b,KF0VTU-10M-109,KF0VTU,"https://wsprtv.com/?show_unattached&cs=KF0VTU&band=10m&ch=109&start_date=2026-05-23","http://balloons.browxy.com/wsprx?other=KF0VTU&banda=10m&balloonid=05&timeslot=4&launch=20260523000000&tracker=traquito&qrpid=109","https://wsprtv.com/?show_unattached&et_dec=et,s:1_68719476736:0:1~et,s:2_68719476736:0:1~et,s:3_68719476736:0:1&et_labels=val1,val2,val3&cs=KF0VTU&band=10m&ch=109&start_date=2026-05-23",2026-06-20,22:52:00,BJ24TF,10m,109,28126062,4.5,-17,18720,4.2292,-154.375,None,4.86,46.32,46.32,70.78,15,133,24,5.54,9,0,100.00
2026-06-21-10:34:00,zachtek,KI6DS-20M-z4,KI6DS,"https://wsprtv.com/?show_unattached&cs=KI6DS&band=20m&ch=z4&start_date=2026-05-23","http://balloons.browxy.com/wsprx?other=KI6DS&banda=20m&balloonid=&timeslot=&launch=20260523000000&tracker=&qrpid=","https://wsprtv.com/?show_unattached&et_dec=et,s:1_68719476736:0:1~et,s:2_68719476736:0:1~et,s:3_68719476736:0:1&et_labels=val1,val2,val3&cs=KI6DS&band=20m&ch=z4&start_date=2026-05-23",2026-06-21,10:34:00,JP46LL,20m,z4,14097028,-,-,-,66.4792,8.9583,None,38.19,47.15,8.97,53.97,116,6295,116,54.27,0,0,0.00
2026-06-21-02:38:00,traquito_u4b,KI7HFG-20M-310,KI7HFG,"https://wsprtv.com/?show_unattached&cs=KI7HFG&band=20m&ch=310&start_date=2026-05-23","http://balloons.browxy.com/wsprx?other=KI7HFG&banda=20m&balloonid=15&timeslot=0&launch=20260523000000&tracker=traquito&qrpid=310","https://wsprtv.com/?show_unattached&et_dec=et,s:1_68719476736:0:1~et,s:2_68719476736:0:1~et,s:3_68719476736:0:1&et_labels=val1,val2,val3&cs=KI7HFG&band=20m&ch=310&start_date=2026-05-23",2026-06-21,02:38:00,JP01QI,20m,310,14097156,3.25,-44,11980,61.3542,1.375,None,86.11,36.05,0.0,36.05,4,199,8,24.88,2,1,66.67
2026-06-21-10:34:00,traquito_u4b,KI7KDB-20M-298,KI7KDB,"https://wsprtv.com/?show_unattached&cs=KI7KDB&band=20m&ch=298&start_date=2026-05-23","http://balloons.browxy.com/wsprx?other=KI7KDB&banda=20m&balloonid=14&timeslot=6&launch=20260523000000&tracker=traquito&qrpid=298","https://wsprtv.com/?show_unattached&et_dec=et,s:1_68719476736:0:1~et,s:2_68719476736:0:1~et,s:3_68719476736:0:1&et_labels=val1,val2,val3&cs=KI7KDB&band=20m&ch=298&start_date=2026-05-23",2026-06-21,10:34:00,HM61CB,20m,298,14097180,4.95,-3,11920,31.0625,-27.7917,None,46.53,45.58,6.87,64.5,83,9065,168,53.96,83,0,100.00
2026-06-21-10:32:00,zachtek,KJ4UZM-20M-Z0,KJ4UZM,"https://wsprtv.com/?show_unattached&cs=KJ4UZM&band=20m&ch=Z0&start_date=2026-05-23","http://balloons.browxy.com/wsprx?other=KJ4UZM&banda=20m&balloonid=&timeslot=&launch=20260523000000&tracker=&qrpid=","https://wsprtv.com/?show_unattached&et_dec=et,s:1_68719476736:0:1~et,s:2_68719476736:0:1~et,s:3_68719476736:0:1&et_labels=val1,val2,val3&cs=KJ4UZM&band=20m&ch=Z0&start_date=2026-05-23",2026-06-21,10:32:00,ML02LL,20m,Z0,14097090,-,-,-,22.4792,60.9583,None,64.58,54.64,23.68,85.89,93,121,93,1.3,0,0,0.00
2026-06-21-10:08:00,traquito_u4b,KN4IUD-20M-260,KN4IUD,"https://wsprtv.com/?show_unattached&cs=KN4IUD&band=20m&ch=260&start_date=2026-05-23","http://balloons.browxy.com/wsprx?other=KN4IUD&banda=20m&balloonid=13&timeslot=0&launch=20260523000000&tracker=traquito&qrpid=260","https://wsprtv.com/?show_unattached&et_dec=et,s:1_68719476736:0:1~et,s:2_68719476736:0:1~et,s:3_68719476736:0:1&et_labels=val1,val2,val3&cs=KN4IUD&band=20m&ch=260&start_date=2026-05-23",2026-06-21,10:08:00,JL45AK,20m,260,14097002,3.8,-25,12580,25.4375,8.0417,Algeria,59.72,75.85,15.72,84.16,44,367,81,4.53,36,1,97.30
2026-06-20-16:04:00,traquito_u4b,KO6FE-10M-40,KO6FE,"https://wsprtv.com/?show_unattached&cs=KO6FE&band=10m&ch=40&start_date=2026-05-23","http://balloons.browxy.com/wsprx?other=KO6FE&banda=10m&balloonid=02&timeslot=6&launch=20260523000000&tracker=traquito&qrpid=40","https://wsprtv.com/?show_unattached&et_dec=et,s:1_68719476736:0:1~et,s:2_68719476736:0:1~et,s:3_68719476736:0:1&et_labels=val1,val2,val3&cs=KO6FE&band=10m&ch=40&start_date=2026-05-23",2026-06-20,16:04:00,EO88PT,10m,40,28126013,3.9,-11,12800,58.8125,-82.7083,None,1.39,52.6,46.06,52.6,7,21,12,1.75,3,1,75.00
2026-06-20-18:56:00,wb8elk,KO6FE-19,KO6FE,"https://wsprtv.com/?show_unattached&cs=KO6FE&band=12m&ch=&start_date=2026-05-23","http://balloons.browxy.com/wsprx?other=KO6FE&banda=12m&balloonid=&timeslot=&launch=20260523000000&tracker=&qrpid=","https://wsprtv.com/?show_unattached&et_dec=et,s:1_68719476736:0:1~et,s:2_68719476736:0:1~et,s:3_68719476736:0:1&et_labels=val1,val2,val3&cs=KO6FE&band=12m&ch=&start_date=2026-05-23",2026-06-20,18:56:00,EJ84LL,12m,,24926125,-,-,-,4.4792,-83.0417,None,1.25,62.58,60.53,70.05,34,627,34,18.44,0,0,0.00
2026-06-21-10:04:00,traquito_u4b,KS4VA-17M-21,KS4VA,"https://wsprtv.com/?show_unattached&cs=KS4VA&band=17m&ch=21&start_date=2026-05-23","http://balloons.browxy.com/wsprx?other=KS4VA&banda=17m&balloonid=01&timeslot=6&launch=20260523000000&tracker=traquito&qrpid=21","https://wsprtv.com/?show_unattached&et_dec=et,s:1_68719476736:0:1~et,s:2_68719476736:0:1~et,s:3_68719476736:0:1&et_labels=val1,val2,val3&cs=KS4VA&band=17m&ch=21&start_date=2026-05-23",2026-06-21,10:04:00,IP18XF,17m,21,18106026,4.35,-8,12780,68.2292,-16.0417,None,70.14,38.94,34.67,46.54,18,674,113,5.96,14,1,93.33
2026-06-21-10:30:00,traquito_u4b,KS4VA-20M-171,KS4VA,"https://wsprtv.com/?show_unattached&cs=KS4VA&band=20m&ch=171&start_date=2026-05-23","http://balloons.browxy.com/wsprx?other=KS4VA&banda=20m&balloonid=08&timeslot=2&launch=20260523000000&tracker=traquito&qrpid=171","https://wsprtv.com/?show_unattached&et_dec=et,s:1_68719476736:0:1~et,s:2_68719476736:0:1~et,s:3_68719476736:0:1&et_labels=val1,val2,val3&cs=KS4VA&band=20m&ch=171&start_date=2026-05-23",2026-06-21,10:30:00,GL96KO,20m,171,14097147,4.85,-27,14540,26.6042,-41.125,None,46.53,32.49,4.7,59.16,65,5034,131,38.43,63,0,100.00
2026-06-21-10:34:00,traquito_u4b,KS4VA-20M-428,KS4VA,"https://wsprtv.com/?show_unattached&cs=KS4VA&band=20m&ch=428&start_date=2026-05-23","http://balloons.browxy.com/wsprx?other=KS4VA&banda=20m&balloonid=Q1&timeslot=6&launch=20260523000000&tracker=traquito&qrpid=428","https://wsprtv.com/?show_unattached&et_dec=et,s:1_68719476736:0:1~et,s:2_68719476736:0:1~et,s:3_68719476736:0:1&et_labels=val1,val2,val3&cs=KS4VA&band=20m&ch=428&start_date=2026-05-23",2026-06-21,10:34:00,GN76SE,20m,428,14097061,4.7,-10,14480,46.1875,-44.4583,None,39.58,32.68,-2.72,59.52,74,9248,157,58.9,69,2,97.18
2026-06-21-05:18:00,traquito_u4b,KS4VA-20M-75,KS4VA,"https://wsprtv.com/?show_unattached&cs=KS4VA&band=20m&ch=75&start_date=2026-05-23","http://balloons.browxy.com/wsprx?other=KS4VA&banda=20m&balloonid=03&timeslot=0&launch=20260523000000&tracker=traquito&qrpid=75","https://wsprtv.com/?show_unattached&et_dec=et,s:1_68719476736:0:1~et,s:2_68719476736:0:1~et,s:3_68719476736:0:1&et_labels=val1,val2,val3&cs=KS4VA&band=20m&ch=75&start_date=2026-05-23",2026-06-21,05:18:00,BM02EC,20m,75,14097187,4.3,-37,15320,32.1042,-159.625,None,40.28,3.13,0.0,65.51,86,3479,226,15.39,81,4,95.29
2026-06-21-10:26:00,traquito_u4b,KS4VA-20M-84,KS4VA,"https://wsprtv.com/?show_unattached&cs=KS4VA&band=20m&ch=84&start_date=2026-05-23","http://balloons.browxy.com/wsprx?other=KS4VA&banda=20m&balloonid=04&timeslot=8&launch=20260523000000&tracker=traquito&qrpid=84","https://wsprtv.com/?show_unattached&et_dec=et,s:1_68719476736:0:1~et,s:2_68719476736:0:1~et,s:3_68719476736:0:1&et_labels=val1,val2,val3&cs=KS4VA&band=20m&ch=84&start_date=2026-05-23",2026-06-21,10:26:00,RQ85EW,20m,84,14097062,4.65,-14,15220,75.9375,176.375,None,4.17,10.68,10.68,35.46,144,970,281,3.45,119,4,96.75
2026-06-21-07:20:00,zachtek,KX4NM-20M-Z0,KX4NM,"https://wsprtv.com/?show_unattached&cs=KX4NM&band=20m&ch=Z0&start_date=2026-05-23","http://balloons.browxy.com/wsprx?other=KX4NM&banda=20m&balloonid=&timeslot=&launch=20260523000000&tracker=&qrpid=","https://wsprtv.com/?show_unattached&et_dec=et,s:1_68719476736:0:1~et,s:2_68719476736:0:1~et,s:3_68719476736:0:1&et_labels=val1,val2,val3&cs=KX4NM&band=20m&ch=Z0&start_date=2026-05-23",2026-06-21,07:20:00,QL38LL,20m,Z0,14097134,-,-,-,28.4792,146.9583,None,54.03,22.23,16.43,83.95,132,322,132,2.44,0,0,0.00
2026-06-21-07:42:00,m7gaq_u4b,M7GAQ-17M-365,M7GAQ,"https://wsprtv.com/?show_unattached&cs=M7GAQ&band=17m&ch=365&start_date=2026-05-23","http://balloons.browxy.com/wsprx?other=M7GAQ&banda=17m&balloonid=18&timeslot=4&launch=20260523000000&tracker=traquito&qrpid=365","https://wsprtv.com/?show_unattached&et_dec=et,s:1_68719476736:0:1~et,s:2_68719476736:0:1~et,s:3_68719476736:0:1&et_labels=val1,val2,val3&cs=M7GAQ&band=17m&ch=365&start_date=2026-05-23",2026-06-21,07:42:00,AQ35HH,17m,365,18106062,3.35,12,12520,75.3125,-173.375,None,10.42,15.33,15.33,36.1,127,605,268,2.26,104,15,87.39
2026-06-20-20:30:00,ab5ss,N0MPM-31,N0MPM,"https://wsprtv.com/?show_unattached&cs=N0MPM&band=17m&ch=&start_date=2026-05-23","http://balloons.browxy.com/wsprx?other=N0MPM&banda=17m&balloonid=&timeslot=&launch=20260523000000&tracker=&qrpid=","https://wsprtv.com/?show_unattached&et_dec=et,s:1_68719476736:0:1~et,s:2_68719476736:0:1~et,s:3_68719476736:0:1&et_labels=val1,val2,val3&cs=N0MPM&band=17m&ch=&start_date=2026-05-23",2026-06-20,20:30:00,GL17LL,17m,,18106114,-,-,-,27.4792,-57.0417,None,0.69,27.5,26.68,86.96,58,729,58,12.57,0,0,0.00
2026-06-20-22:10:00,traquito_u4b,N0THA-20M-576,N0THA,"https://wsprtv.com/?show_unattached&cs=N0THA&band=20m&ch=576&start_date=2026-05-23","http://balloons.browxy.com/wsprx?other=N0THA&banda=20m&balloonid=Q8&timeslot=2&launch=20260523000000&tracker=traquito&qrpid=576","https://wsprtv.com/?show_unattached&et_dec=et,s:1_68719476736:0:1~et,s:2_68719476736:0:1~et,s:3_68719476736:0:1&et_labels=val1,val2,val3&cs=N0THA&band=20m&ch=576&start_date=2026-05-23",2026-06-20,22:10:00,EL94VL,20m,576,14097192,3.95,-36,13340,24.4792,-80.2083,None,0.69,22.97,22.92,88.98,61,8803,125,70.42,59,1,98.33
2026-06-21-01:30:00,traquito_u4b,N6CVO-10M-438,N6CVO,"https://wsprtv.com/?show_unattached&cs=N6CVO&band=10m&ch=438&start_date=2026-05-23","http://balloons.browxy.com/wsprx?other=N6CVO&banda=10m&balloonid=Q1&timeslot=2&launch=20260523000000&tracker=traquito&qrpid=438","https://wsprtv.com/?show_unattached&et_dec=et,s:1_68719476736:0:1~et,s:2_68719476736:0:1~et,s:3_68719476736:0:1&et_labels=val1,val2,val3&cs=N6CVO&band=10m&ch=438&start_date=2026-05-23",2026-06-21,01:30:00,DN54FH,10m,438,28126154,3.4,-30,12700,44.3125,-109.5417,United_States_of_America,40.97,4.76,0.61,70.13,102,1408,262,5.37,87,11,88.78
2026-06-21-04:14:00,zachtek,NJ6Z-20M-z4,NJ6Z,"https://wsprtv.com/?show_unattached&cs=NJ6Z&band=20m&ch=z4&start_date=2026-05-23","http://balloons.browxy.com/wsprx?other=NJ6Z&banda=20m&balloonid=&timeslot=&launch=20260523000000&tracker=&qrpid=","https://wsprtv.com/?show_unattached&et_dec=et,s:1_68719476736:0:1~et,s:2_68719476736:0:1~et,s:3_68719476736:0:1&et_labels=val1,val2,val3&cs=NJ6Z&band=20m&ch=z4&start_date=2026-05-23",2026-06-21,04:14:00,BR00LL,20m,z4,14097010,-,-,-,80.4792,-159.0417,None,49.31,24.12,21.22,32.98,63,86,63,1.37,0,0,0.00
2026-06-20-23:10:00,traquito_u4b,NQ1W-20M-191,NQ1W,"https://wsprtv.com/?show_unattached&cs=NQ1W&band=20m&ch=191&start_date=2026-05-23","http://balloons.browxy.com/wsprx?other=NQ1W&banda=20m&balloonid=09&timeslot=2&launch=20260523000000&tracker=traquito&qrpid=191","https://wsprtv.com/?show_unattached&et_dec=et,s:1_68719476736:0:1~et,s:2_68719476736:0:1~et,s:3_68719476736:0:1&et_labels=val1,val2,val3&cs=NQ1W&band=20m&ch=191&start_date=2026-05-23",2026-06-20,23:10:00,EP61GJ,20m,191,14097150,4.45,-27,12660,61.3958,-87.4583,None,1.39,25.36,23.35,51.58,68,5089,146,34.86,68,0,100.00
2026-06-20-19:38:00,traquito_u4b,OK2KLD-20M-210,OK2KLD,"https://wsprtv.com/?show_unattached&cs=OK2KLD&band=20m&ch=210&start_date=2026-05-23","http://balloons.browxy.com/wsprx?other=OK2KLD&banda=20m&balloonid=10&timeslot=0&launch=20260523000000&tracker=traquito&qrpid=210","https://wsprtv.com/?show_unattached&et_dec=et,s:1_68719476736:0:1~et,s:2_68719476736:0:1~et,s:3_68719476736:0:1&et_labels=val1,val2,val3&cs=OK2KLD&band=20m&ch=210&start_date=2026-05-23",2026-06-20,19:38:00,JO80SE,20m,210,14097139,3.0,-6,4780,50.1875,17.5417,Poland,5.56,-4.86,-3.87,21.71,13,2053,96,21.39,13,0,100.00
2026-06-21-06:26:00,sa6bss_u4b,SA6BSS-12M-,SA6BSS,"https://wsprtv.com/?show_unattached&cs=SA6BSS&band=12m&ch=&start_date=2026-05-23","http://balloons.browxy.com/wsprx?other=SA6BSS&banda=12m&balloonid=&timeslot=&launch=20260523000000&tracker=&qrpid=","https://wsprtv.com/?show_unattached&et_dec=et,s:1_68719476736:0:1~et,s:2_68719476736:0:1~et,s:3_68719476736:0:1&et_labels=val1,val2,val3&cs=SA6BSS&band=12m&ch=&start_date=2026-05-23",2026-06-21,06:26:00,PO39LL,12m,,24926185,-,-,-,59.4792,126.9583,Russian_Federation,66.53,42.6,30.41,56.53,9,10,9,1.11,0,0,0.00
2026-06-20-21:46:00,sa6bss_u4b,SA6BSS-15M-175,SA6BSS,"https://wsprtv.com/?show_unattached&cs=SA6BSS&band=15m&ch=175&start_date=2026-05-23","http://balloons.browxy.com/wsprx?other=SA6BSS&banda=15m&balloonid=&timeslot=&launch=20260523000000&tracker=&qrpid=","https://wsprtv.com/?show_unattached&et_dec=et,s:1_68719476736:0:1~et,s:2_68719476736:0:1~et,s:3_68719476736:0:1&et_labels=val1,val2,val3&cs=SA6BSS&band=15m&ch=175&start_date=2026-05-23",2026-06-20,21:46:00,PP01FG,15m,175,21096189,4.55,-4,13280,61.2708,120.4583,Russian_Federation,58.33,24.48,13.56,47.27,8,21,10,2.1,2,0,100.00
2026-06-21-06:58:00,sa6bss_u4b,SA6BSS-15M-176,SA6BSS,"https://wsprtv.com/?show_unattached&cs=SA6BSS&band=15m&ch=176&start_date=2026-05-23","http://balloons.browxy.com/wsprx?other=SA6BSS&banda=15m&balloonid=&timeslot=&launch=20260523000000&tracker=&qrpid=","https://wsprtv.com/?show_unattached&et_dec=et,s:1_68719476736:0:1~et,s:2_68719476736:0:1~et,s:3_68719476736:0:1&et_labels=val1,val2,val3&cs=SA6BSS&band=15m&ch=176&start_date=2026-05-23",2026-06-21,06:58:00,PO39CB,15m,176,21096185,4.55,-7,13320,59.0625,126.2083,Russian_Federation,46.53,16.16,11.36,42.32,14,40,19,2.11,2,3,40.00
2026-06-20-09:10:00,sa6bss_u4b,SA6BSS-15M-177,SA6BSS,"https://wsprtv.com/?show_unattached&cs=SA6BSS&band=15m&ch=177&start_date=2026-05-23","http://balloons.browxy.com/wsprx?other=SA6BSS&banda=15m&balloonid=&timeslot=&launch=20260523000000&tracker=&qrpid=","https://wsprtv.com/?show_unattached&et_dec=et,s:1_68719476736:0:1~et,s:2_68719476736:0:1~et,s:3_68719476736:0:1&et_labels=val1,val2,val3&cs=SA6BSS&band=15m&ch=177&start_date=2026-05-23",2026-06-20,09:10:00,OO95II,15m,177,21096189,4.55,2,13120,55.3542,118.7083,Russian_Federation,49.31,40.59,10.3,59.27,14,31,25,1.24,6,4,60.00
2026-06-21-09:22:00,sa6bss_u4b,SA6BSS-15M-178,SA6BSS,"https://wsprtv.com/?show_unattached&cs=SA6BSS&band=15m&ch=178&start_date=2026-05-23","http://balloons.browxy.com/wsprx?other=SA6BSS&banda=15m&balloonid=&timeslot=&launch=20260523000000&tracker=&qrpid=","https://wsprtv.com/?show_unattached&et_dec=et,s:1_68719476736:0:1~et,s:2_68719476736:0:1~et,s:3_68719476736:0:1&et_labels=val1,val2,val3&cs=SA6BSS&band=15m&ch=178&start_date=2026-05-23",2026-06-21,09:22:00,PO27LW,15m,178,21096187,4.55,4,13300,57.9375,124.9583,Russian_Federation,56.25,21.88,21.88,51.13,18,72,30,2.4,5,3,62.50
2026-06-21-09:04:00,sa6bss_u4b,SA6BSS-15M-179,SA6BSS,"https://wsprtv.com/?show_unattached&cs=SA6BSS&band=15m&ch=179&start_date=2026-05-23","http://balloons.browxy.com/wsprx?other=SA6BSS&banda=15m&balloonid=&timeslot=&launch=20260523000000&tracker=&qrpid=","https://wsprtv.com/?show_unattached&et_dec=et,s:1_68719476736:0:1~et,s:2_68719476736:0:1~et,s:3_68719476736:0:1&et_labels=val1,val2,val3&cs=SA6BSS&band=15m&ch=179&start_date=2026-05-23",2026-06-21,09:04:00,PO28OB,15m,179,21096187,4.55,-3,13300,58.0625,125.2083,Russian_Federation,59.03,24.15,16.61,47.75,8,34,12,2.83,4,0,100.00
2026-06-21-05:32:00,sa6bss_u4b,SA6BSS-17M-35,SA6BSS,"https://wsprtv.com/?show_unattached&cs=SA6BSS&band=17m&ch=35&start_date=2026-05-23","http://balloons.browxy.com/wsprx?other=SA6BSS&banda=17m&balloonid=&timeslot=&launch=20260523000000&tracker=&qrpid=","https://wsprtv.com/?show_unattached&et_dec=et,s:1_68719476736:0:1~et,s:2_68719476736:0:1~et,s:3_68719476736:0:1&et_labels=val1,val2,val3&cs=SA6BSS&band=17m&ch=35&start_date=2026-05-23",2026-06-21,05:32:00,QP82IB,17m,35,18106212,4.55,2,13080,62.0625,156.7083,Russian_Federation,43.75,5.55,3.56,35.62,8,256,93,2.75,2,5,28.57
2026-06-20-21:04:00,sa6bss_u4b,SA6BSS-17M-36,SA6BSS,"https://wsprtv.com/?show_unattached&cs=SA6BSS&band=17m&ch=36&start_date=2026-05-23","http://balloons.browxy.com/wsprx?other=SA6BSS&banda=17m&balloonid=&timeslot=&launch=20260523000000&tracker=&qrpid=","https://wsprtv.com/?show_unattached&et_dec=et,s:1_68719476736:0:1~et,s:2_68719476736:0:1~et,s:3_68719476736:0:1&et_labels=val1,val2,val3&cs=SA6BSS&band=17m&ch=36&start_date=2026-05-23",2026-06-20,21:04:00,QP83NP,17m,36,18106209,4.55,11,13120,63.6458,157.125,Russian_Federation,37.50,8.82,1.88,38.13,13,437,108,4.05,3,10,23.08
2026-06-21-08:16:00,sa6bss_u4b,SA6BSS-17M-37,SA6BSS,"https://wsprtv.com/?show_unattached&cs=SA6BSS&band=17m&ch=37&start_date=2026-05-23","http://balloons.browxy.com/wsprx?other=SA6BSS&banda=17m&balloonid=&timeslot=&launch=20260523000000&tracker=&qrpid=","https://wsprtv.com/?show_unattached&et_dec=et,s:1_68719476736:0:1~et,s:2_68719476736:0:1~et,s:3_68719476736:0:1&et_labels=val1,val2,val3&cs=SA6BSS&band=17m&ch=37&start_date=2026-05-23",2026-06-21,08:16:00,QP81GG,17m,37,18106212,4.55,3,13060,61.2708,156.5417,Russian_Federation,43.06,16.32,3.83,35.25,9,23,14,1.64,3,2,60.00
2026-06-21-07:38:00,sa6bss_u4b,SA6BSS-17M-38,SA6BSS,"https://wsprtv.com/?show_unattached&cs=SA6BSS&band=17m&ch=38&start_date=2026-05-23","http://balloons.browxy.com/wsprx?other=SA6BSS&banda=17m&balloonid=&timeslot=&launch=20260523000000&tracker=&qrpid=","https://wsprtv.com/?show_unattached&et_dec=et,s:1_68719476736:0:1~et,s:2_68719476736:0:1~et,s:3_68719476736:0:1&et_labels=val1,val2,val3&cs=SA6BSS&band=17m&ch=38&start_date=2026-05-23",2026-06-21,07:38:00,QP81HL,17m,38,18106212,4.55,0,13080,61.4792,156.625,Russian_Federation,79.17,12.36,5.82,33.38,8,17,11,1.55,3,0,100.00
2026-06-21-06:40:00,sa6bss_u4b,SA6BSS-17M-39,SA6BSS,"https://wsprtv.com/?show_unattached&cs=SA6BSS&band=17m&ch=39&start_date=2026-05-23","http://balloons.browxy.com/wsprx?other=SA6BSS&banda=17m&balloonid=&timeslot=&launch=20260523000000&tracker=&qrpid=","https://wsprtv.com/?show_unattached&et_dec=et,s:1_68719476736:0:1~et,s:2_68719476736:0:1~et,s:3_68719476736:0:1&et_labels=val1,val2,val3&cs=SA6BSS&band=17m&ch=39&start_date=2026-05-23",2026-06-21,06:40:00,QP81HS,17m,39,18106213,4.55,10,13080,61.7708,156.625,Russian_Federation,39.58,13.33,1.38,31.55,10,17,12,1.42,1,1,50.00
2026-06-21-10:04:00,sp2roc,SP2ROC-15M-329,SP2ROC,"https://wsprtv.com/?show_unattached&cs=SP2ROC&band=15m&ch=329&start_date=2026-05-23","http://balloons.browxy.com/wsprx?other=SP2ROC&banda=15m&balloonid=&timeslot=&launch=20260523000000&tracker=&qrpid=","https://wsprtv.com/?show_unattached&et_dec=et,s:1_68719476736:0:1~et,s:2_68719476736:0:1~et,s:3_68719476736:0:1&et_labels=val1,val2,val3&cs=SP2ROC&band=15m&ch=329&start_date=2026-05-23",2026-06-21,10:04:00,FP55JS,15m,329,21096062,3.6,-20,13020,65.7708,-69.2083,Canada,87.50,18.98,13.37,30.36,20,88,29,3.03,9,0,100.00
2026-06-21-03:56:00,wb8elk,SP2ROC/9-15M-,SP2ROC/9,"https://wsprtv.com/?show_unattached&cs=SP2ROC/9&band=15m&ch=&start_date=2026-05-23","http://balloons.browxy.com/wsprx?other=SP2ROC/9&banda=15m&balloonid=&timeslot=&launch=20260523000000&tracker=&qrpid=","https://wsprtv.com/?show_unattached&et_dec=et,s:1_68719476736:0:1~et,s:2_68719476736:0:1~et,s:3_68719476736:0:1&et_labels=val1,val2,val3&cs=SP2ROC/9&band=15m&ch=&start_date=2026-05-23",2026-06-21,03:56:00,AL43LL,15m,,21096165,-,-,-,23.4792,-171.0417,None,58.89,30.5,22.32,89.95,156,986,156,6.32,0,0,0.00
2026-06-21-01:12:00,zachtek,SP3RC-10M-,SP3RC,"https://wsprtv.com/?show_unattached&cs=SP3RC&band=10m&ch=&start_date=2026-05-23","http://balloons.browxy.com/wsprx?other=SP3RC&banda=10m&balloonid=&timeslot=&launch=20260523000000&tracker=&qrpid=","https://wsprtv.com/?show_unattached&et_dec=et,s:1_68719476736:0:1~et,s:2_68719476736:0:1~et,s:3_68719476736:0:1&et_labels=val1,val2,val3&cs=SP3RC&band=10m&ch=&start_date=2026-05-23",2026-06-21,01:12:00,DK00LL,10m,,28126175,-,-,-,10.4792,-119.0417,None,59.31,14.64,13.76,76.04,77,739,77,9.6,0,0,0.00
2026-06-20-12:02:00,traquito_u4b,SP4APB-20M-452,SP4APB,"https://wsprtv.com/?show_unattached&cs=SP4APB&band=20m&ch=452&start_date=2026-05-23","http://balloons.browxy.com/wsprx?other=SP4APB&banda=20m&balloonid=Q2&timeslot=4&launch=20260523000000&tracker=traquito&qrpid=452","https://wsprtv.com/?show_unattached&et_dec=et,s:1_68719476736:0:1~et,s:2_68719476736:0:1~et,s:3_68719476736:0:1&et_labels=val1,val2,val3&cs=SP4APB&band=20m&ch=452&start_date=2026-05-23",2026-06-20,12:02:00,KO22AD,20m,452,14097140,3.4,-2,6420,52.1458,24.0417,Belarus,100.00,53.7,46.57,61.29,28,956,77,12.42,22,4,84.62
2026-06-21-04:40:00,sp6mpl,SP6MPL-20M-581,SP6MPL,"https://wsprtv.com/?show_unattached&cs=SP6MPL&band=20m&ch=581&start_date=2026-05-23","http://balloons.browxy.com/wsprx?other=SP6MPL&banda=20m&balloonid=&timeslot=&launch=20260523000000&tracker=&qrpid=","https://wsprtv.com/?show_unattached&et_dec=et,s:1_68719476736:0:1~et,s:2_68719476736:0:1~et,s:3_68719476736:0:1&et_labels=val1,val2,val3&cs=SP6MPL&band=20m&ch=581&start_date=2026-05-23",2026-06-21,04:40:00,BQ36MN,20m,581,14097024,4.95,1,12640,76.5625,-152.9583,None,36.11,20.16,13.96,37.94,106,426,206,2.07,91,3,96.81
2026-06-20-18:56:00,ad6z_u4b,VA2RJ-12M-,VA2RJ,"https://wsprtv.com/?show_unattached&cs=VA2RJ&band=12m&ch=&start_date=2026-05-23","http://balloons.browxy.com/wsprx?other=VA2RJ&banda=12m&balloonid=&timeslot=-&launch=20260523000000&tracker=traquito&qrpid=","https://wsprtv.com/?show_unattached&et_dec=et,s:1_68719476736:0:1~et,s:2_68719476736:0:1~et,s:3_68719476736:0:1&et_labels=val1,val2,val3&cs=VA2RJ&band=12m&ch=&start_date=2026-05-23",2026-06-20,18:56:00,EJ84LL,12m,,24926139,-,-,-,4.4792,-83.0417,None,1.39,62.58,62.58,70.04,8,10,8,1.25,0,0,0.00
2026-06-21-10:28:00,traquito_u4b,VE3VRO-20M-285,VE3VRO,"https://wsprtv.com/?show_unattached&cs=VE3VRO&band=20m&ch=285&start_date=2026-05-23","http://balloons.browxy.com/wsprx?other=VE3VRO&banda=20m&balloonid=14&timeslot=0&launch=20260523000000&tracker=traquito&qrpid=285","https://wsprtv.com/?show_unattached&et_dec=et,s:1_68719476736:0:1~et,s:2_68719476736:0:1~et,s:3_68719476736:0:1&et_labels=val1,val2,val3&cs=VE3VRO&band=20m&ch=285&start_date=2026-05-23",2026-06-21,10:28:00,IN09NN,20m,285,14097062,3.05,7,12760,49.5625,-18.875,None,47.92,48.01,8.99,72.83,93,10524,193,54.53,91,1,98.91
2026-06-21-01:12:00,qrplabs_u4b,VK2ARX-20M-142,VK2ARX,"https://wsprtv.com/?show_unattached&cs=VK2ARX&band=20m&ch=142&start_date=2026-05-23","http://balloons.browxy.com/wsprx?other=VK2ARX&banda=20m&balloonid=07&timeslot=4&launch=20260523000000&tracker=qrplabs&qrpid=142","https://wsprtv.com/?show_unattached&et_dec=et,s:1_68719476736:0:1~et,s:2_68719476736:0:1~et,s:3_68719476736:0:1&et_labels=val1,val2,val3&cs=VK2ARX&band=20m&ch=142&start_date=2026-05-23",2026-06-21,01:12:00,BH64MS,20m,142,14097180,3.65,-17,14560,-15.2292,-146.9583,None,70.83,27.21,24.31,51.22,49,414,84,4.93,33,1,97.06
2026-06-19-08:18:00,zachtek,VK6XT-10M-,VK6XT,"https://wsprtv.com/?show_unattached&cs=VK6XT&band=10m&ch=&start_date=2026-05-23","http://balloons.browxy.com/wsprx?other=VK6XT&banda=10m&balloonid=&timeslot=&launch=20260523000000&tracker=&qrpid=","https://wsprtv.com/?show_unattached&et_dec=et,s:1_68719476736:0:1~et,s:2_68719476736:0:1~et,s:3_68719476736:0:1&et_labels=val1,val2,val3&cs=VK6XT&band=10m&ch=&start_date=2026-05-23",2026-06-19,08:18:00,OF88LL,10m,,28126186,-,-,-,-31.5208,116.9583,Australia,98.61,9.87,9.87,33.42,7,53,7,7.57,0,0,0.00
2026-06-20-22:40:00,wb8elk,W0DLK-1,W0DLK,"https://wsprtv.com/?show_unattached&cs=W0DLK&band=15m&ch=&start_date=2026-05-23","http://balloons.browxy.com/wsprx?other=W0DLK&banda=15m&balloonid=&timeslot=&launch=20260523000000&tracker=&qrpid=","https://wsprtv.com/?show_unattached&et_dec=et,s:1_68719476736:0:1~et,s:2_68719476736:0:1~et,s:3_68719476736:0:1&et_labels=val1,val2,val3&cs=W0DLK&band=15m&ch=&start_date=2026-05-23",2026-06-20,22:40:00,EM98LL,15m,,21096094,-,-,-,38.4792,-81.0417,United_States_of_America,0.69,23.0,23.0,73.95,57,873,57,15.32,0,0,0.00
2026-06-21-10:32:00,wb8elk,W0RBO-12,W0RBO,"https://wsprtv.com/?show_unattached&cs=W0RBO&band=15m&ch=&start_date=2026-05-23","http://balloons.browxy.com/wsprx?other=W0RBO&banda=15m&balloonid=&timeslot=&launch=20260523000000&tracker=&qrpid=","https://wsprtv.com/?show_unattached&et_dec=et,s:1_68719476736:0:1~et,s:2_68719476736:0:1~et,s:3_68719476736:0:1&et_labels=val1,val2,val3&cs=W0RBO&band=15m&ch=&start_date=2026-05-23",2026-06-21,10:32:00,HL99LL,15m,,21096112,-,-,-,29.4792,-21.0417,None,59.03,49.1,22.6,74.96,67,1218,67,18.18,0,0,0.00
2026-06-19-17:14:00,traquito_u4b,W5AJ-15M-289,W5AJ,"https://wsprtv.com/?show_unattached&cs=W5AJ&band=15m&ch=289&start_date=2026-05-23","http://balloons.browxy.com/wsprx?other=W5AJ&banda=15m&balloonid=14&timeslot=6&launch=20260523000000&tracker=traquito&qrpid=289","https://wsprtv.com/?show_unattached&et_dec=et,s:1_68719476736:0:1~et,s:2_68719476736:0:1~et,s:3_68719476736:0:1&et_labels=val1,val2,val3&cs=W5AJ&band=15m&ch=289&start_date=2026-05-23",2026-06-19,17:14:00,BL20HH,15m,289,21096087,3.3,-21,13780,20.3125,-155.375,None,54.17,17.14,13.61,24.81,4,1306,139,9.4,3,1,75.00
2026-06-18-18:30:00,wb8elk,W9EAR-12,W9EAR,"https://wsprtv.com/?show_unattached&cs=W9EAR&band=15m&ch=&start_date=2026-05-23","http://balloons.browxy.com/wsprx?other=W9EAR&banda=15m&balloonid=&timeslot=&launch=20260523000000&tracker=&qrpid=","https://wsprtv.com/?show_unattached&et_dec=et,s:1_68719476736:0:1~et,s:2_68719476736:0:1~et,s:3_68719476736:0:1&et_labels=val1,val2,val3&cs=W9EAR&band=15m&ch=&start_date=2026-05-23",2026-06-18,18:30:00,HN11LL,15m,,21096115,-,-,-,41.4792,-37.0417,None,1.39,37.27,27.3,72.93,51,1023,51,20.06,0,0,0.00
2026-06-20-17:24:00,qrplabs_u4b,WB6PDA-10M-370,WB6PDA,"https://wsprtv.com/?show_unattached&cs=WB6PDA&band=10m&ch=370&start_date=2026-05-23","http://balloons.browxy.com/wsprx?other=WB6PDA&banda=10m&balloonid=18&timeslot=6&launch=20260523000000&tracker=qrplabs&qrpid=370","https://wsprtv.com/?show_unattached&et_dec=et,s:1_68719476736:0:1~et,s:2_68719476736:0:1~et,s:3_68719476736:0:1&et_labels=val1,val2,val3&cs=WB6PDA&band=10m&ch=370&start_date=2026-05-23",2026-06-20,17:24:00,JL37PW,10m,370,28126150,4.3,2,14540,27.9375,7.2917,Algeria,50.00,54.15,8.47,57.96,54,1083,103,10.51,18,29,38.30
2026-06-21-04:20:00,wb8elk,YU9OMT/1-10M-,YU9OMT/1,"https://wsprtv.com/?show_unattached&cs=YU9OMT/1&band=10m&ch=&start_date=2026-05-23","http://balloons.browxy.com/wsprx?other=YU9OMT/1&banda=10m&balloonid=&timeslot=&launch=20260523000000&tracker=&qrpid=","https://wsprtv.com/?show_unattached&et_dec=et,s:1_68719476736:0:1~et,s:2_68719476736:0:1~et,s:3_68719476736:0:1&et_labels=val1,val2,val3&cs=YU9OMT/1&band=10m&ch=&start_date=2026-05-23",2026-06-21,04:20:00,AN76LL,10m,,28126167,-,-,-,46.4792,-165.0417,None,86.11,25.18,25.18,66.91,22,24,22,1.09,0,0,0.00
2026-06-19-02:42:00,traquito_u4b,ZL2PM-20M-457,ZL2PM,"https://wsprtv.com/?show_unattached&cs=ZL2PM&band=20m&ch=457&start_date=2026-05-23","http://balloons.browxy.com/wsprx?other=ZL2PM&banda=20m&balloonid=Q2&timeslot=4&launch=20260523000000&tracker=traquito&qrpid=457","https://wsprtv.com/?show_unattached&et_dec=et,s:1_68719476736:0:1~et,s:2_68719476736:0:1~et,s:3_68719476736:0:1&et_labels=val1,val2,val3&cs=ZL2PM&band=20m&ch=457&start_date=2026-05-23",2026-06-19,02:42:00,RE89BD,20m,457,14097194,4.95,-37,8440,-40.8542,176.125,New_Zealand,3.47,17.5,17.5,25.93,13,547,62,8.82,13,0,100.00
